代號	中文	畫面區域	程式位置
settings.language	語言	設定 > 一般	components/SettingsDialog.tsx:367
common.sep	、	列出好幾個名稱時的分隔符號	App.tsx:85 App.tsx:96 App.tsx:107 components/CopyConfirm.tsx:19 components/EntryList.tsx:177 components/EntryList.tsx:177 components/FileNav.tsx:123 components/ManageDialogs.tsx:170 components/SidePanel.tsx:333 components/WorkPanel.tsx:95 model/importSel.ts:59 model/importSel.ts:59 model/paste.ts:79 state/saver.ts:832 state/saver.ts:832
common.moreEntries	 等 {n} 條	列表太長時接在後面	App.tsx:85
common.moreItems	 等 {n} 個	列表太長時接在後面	App.tsx:96 App.tsx:107 state/saver.ts:832 state/saver.ts:832
common.sheetError	「{name}」{msg}	某個頁簽有錯誤時，頁簽名稱接錯誤訊息	components/ImportDialog.tsx:189 components/ImportDialog.tsx:190 components/ManageDialogs.tsx:354 components/PasteDialog.tsx:107
common.errorReason	{target}：{reason}	存檔失敗的項目與原因	components/TitleBar.tsx:55
import.fieldRange	{range}（{n}）	匯入視窗：欄位選到的範圍和行數	components/ImportDialog.tsx:355
check.fullwidthSpace	全形空格	檢查項目與訊息	model/checks.ts:104
app.001	Excel 一格最多 32767 字，貼上後會超過，沒有貼上	主畫面	App.tsx:54
app.002	有格子超過 Excel 的單格上限	主畫面	App.tsx:84
app.003	Excel 一格最多 32767 字，下列條目超過了，用 Excel 開啟時會被截斷：{v1}{v2}	主畫面	App.tsx:85
app.004	知道了	主畫面	App.tsx:86 App.tsx:97 App.tsx:108
app.005	有檔案讀不到	主畫面	App.tsx:95
app.006	下列檔案打不開，這次先略過（檔案本身沒有被改動）：{v1}{v2}。可能被 Excel 開著或檔案損毀，處理好後重新開啟 Verso 就會讀進來。	主畫面	App.tsx:96
app.007	存檔資料夾裡有檔案不見了	主畫面	App.tsx:106
app.008	下列檔案在資料夾裡找不到了，軟體裡的內容還在，下次存檔會重新寫回：{v1}{v2}	主畫面	App.tsx:107
app.009	上次沒有正常關閉	主畫面	App.tsx:118
app.010	有自動暫存但還沒儲存的內容。恢復後要按儲存才會寫進檔案。	主畫面	App.tsx:118
app.011	捨棄	主畫面	App.tsx:120
app.012	恢復	主畫面	App.tsx:121
app.013	檢測到新版本 {version}	主畫面	App.tsx:130
app.014	要現在更新嗎？更新完會自動重新開啟。	主畫面	App.tsx:130
app.015	稍後	主畫面	App.tsx:132
app.016	更新	主畫面	App.tsx:133
app.017	檔案進度 {done} / {total} 條	主畫面	App.tsx:149
app.019	模式：	主畫面	App.tsx:150
app.020	變更標記	主畫面	App.tsx:164 App.tsx:164
app.021	顯示檔案欄	主畫面	App.tsx:230 App.tsx:230
app.022	調整右側欄寬度	主畫面	App.tsx:242
app.023	顯示右側欄	主畫面	App.tsx:247 App.tsx:247
app.024	關閉選單	主畫面	App.tsx:259
app.025	有未儲存的修改	主畫面	App.tsx:277
app.026	關閉前要儲存嗎？	主畫面	App.tsx:278
app.027	更新前要儲存嗎？	主畫面	App.tsx:278
app.028	換存檔資料夾前要儲存嗎？	主畫面	App.tsx:278
app.029	離開這個檔案前要儲存嗎？	主畫面	App.tsx:278
app.030	取消	主畫面	App.tsx:280
app.031	不儲存	主畫面	App.tsx:281
app.032	儲存	主畫面	App.tsx:282
color.001	自訂主題色	色盤	components/ColorPicker.tsx:69 components/ColorPicker.tsx:75
color.002	色碼	色盤	components/ColorPicker.tsx:98
color.003	取消	色盤	components/ColorPicker.tsx:105
color.004	儲存	色盤	components/ColorPicker.tsx:107
menu.001	增加	右鍵選單	components/ContextMenu.tsx:51
menu.002	減少	右鍵選單	components/ContextMenu.tsx:52
copy.001	未翻譯 {untranslated} 條	複製譯文確認	components/CopyConfirm.tsx:12
copy.002	待確認 {pending} 條	複製譯文確認	components/CopyConfirm.tsx:12
copy.003	還有條目沒完成	複製譯文確認	components/CopyConfirm.tsx:18
copy.004	取消	複製譯文確認	components/CopyConfirm.tsx:23
copy.005	仍要複製	複製譯文確認	components/CopyConfirm.tsx:25
dictpaste.001	兩欄行數不一致：原文 {sn}、譯文 {length}	貼入字典視窗	components/DictPasteDialog.tsx:50
dictpaste.002	貼入字典	貼入字典視窗	components/DictPasteDialog.tsx:63
dictpaste.003	關閉	貼入字典視窗	components/DictPasteDialog.tsx:64
dictpaste.004	專案	貼入字典視窗	components/DictPasteDialog.tsx:72
dictpaste.005	字典	貼入字典視窗	components/DictPasteDialog.tsx:76
dictpaste.006	原文	貼入字典視窗	components/DictPasteDialog.tsx:80
dictpaste.007	譯文	貼入字典視窗	components/DictPasteDialog.tsx:82
dictpaste.008	{length} 筆	貼入字典視窗	components/DictPasteDialog.tsx:89
dictpaste.009	取消	貼入字典視窗	components/DictPasteDialog.tsx:93
dictpaste.010	加入	貼入字典視窗	components/DictPasteDialog.tsx:95
list.001	發話者	條目欄	components/EntryList.tsx:28
list.002	原文	條目欄	components/EntryList.tsx:28
list.003	譯文	條目欄	components/EntryList.tsx:28
list.004	全部	條目欄	components/EntryList.tsx:59
list.005	未翻譯	條目欄	components/EntryList.tsx:60
list.006	疑慮	條目欄	components/EntryList.tsx:61
list.007	待思考	條目欄	components/EntryList.tsx:62
list.008	有問題	條目欄	components/EntryList.tsx:63
list.009	原文更新	條目欄	components/EntryList.tsx:64
list.010	標記：{v1}，點擊變更	條目欄	components/EntryList.tsx:109
list.011	特殊長度標準	條目欄	components/EntryList.tsx:148
list.012	特殊標準：{v1}	條目欄	components/EntryList.tsx:148
list.013	有備註	條目欄	components/EntryList.tsx:151 components/EntryList.tsx:152
list.014	(新原文已移除)	條目欄	components/EntryList.tsx:166
list.015	不需翻譯	條目欄	components/EntryList.tsx:175 components/EntryList.tsx:182
list.016	尚未翻譯	條目欄	components/EntryList.tsx:175 components/EntryList.tsx:182
list.017	文本條目	條目欄	components/EntryList.tsx:650 components/EntryList.tsx:656
list.018	共 {n} 條	條目欄	components/EntryList.tsx:657
list.020	設定檔案的長度標準	條目欄	components/EntryList.tsx:660
list.021	長度標準：{v1}	條目欄	components/EntryList.tsx:660
list.022	套用全部新原文	條目欄	components/EntryList.tsx:665 components/EntryList.tsx:665
list.023	全部檢查	條目欄	components/EntryList.tsx:670 components/EntryList.tsx:670
list.024	複製譯文欄	條目欄	components/EntryList.tsx:674 components/EntryList.tsx:674
list.025	複製備註	條目欄	components/EntryList.tsx:678 components/EntryList.tsx:678
list.026	篩選條目	條目欄	components/EntryList.tsx:682
list.027	調整「{h}」欄寬	條目欄	components/EntryList.tsx:727
list.028	條目欄	條目欄	components/EntryList.tsx:737
list.029	目前沒有檔案，請新增檔案	條目欄	components/EntryList.tsx:752
list.030	這個頁簽沒有條目	條目欄	components/EntryList.tsx:752
list.031	這個篩選條件下沒有條目	條目欄	components/EntryList.tsx:752
list.032	條目	條目欄	components/EntryList.tsx:757
list.033	清除整欄	條目欄	components/EntryList.tsx:759
list.034	標記	條目欄	components/EntryList.tsx:761 components/EntryList.tsx:771
list.035	套用新原文	條目欄	components/EntryList.tsx:762 components/EntryList.tsx:772
list.036	清除	條目欄	components/EntryList.tsx:763 components/EntryList.tsx:770
list.037	刪除 {length} 列	條目欄	components/EntryList.tsx:764
list.038	在下方插入	條目欄	components/EntryList.tsx:765
list.039	上移	條目欄	components/EntryList.tsx:766 components/EntryList.tsx:773
list.040	下移	條目欄	components/EntryList.tsx:767 components/EntryList.tsx:774
list.041	編輯	條目欄	components/EntryList.tsx:769
error.001	Verso 發生錯誤	錯誤畫面	components/ErrorBoundary.tsx:17
error.002	發生錯誤	錯誤畫面	components/ErrorBoundary.tsx:25
error.003	目前的內容已經存進暫存，重新載入後可以恢復。	錯誤畫面	components/ErrorBoundary.tsx:26
error.004	重新載入	錯誤畫面	components/ErrorBoundary.tsx:28
nav.001	頁簽與檔案	檔案與頁簽列	components/FileNav.tsx:102
nav.002	上一個頁簽	檔案與頁簽列	components/FileNav.tsx:103
nav.003	頁簽名稱	檔案與頁簽列	components/FileNav.tsx:138
nav.004	這個頁簽都翻完了	檔案與頁簽列	components/FileNav.tsx:145
nav.005	下一個頁簽	檔案與頁簽列	components/FileNav.tsx:163
nav.006	選擇檔案	檔案與頁簽列	components/FileNav.tsx:168 components/FileNav.tsx:183
nav.007	新增檔案	檔案與頁簽列	components/FileNav.tsx:175
nav.008	這個檔案都翻完了	檔案與頁簽列	components/FileNav.tsx:176 components/FileNav.tsx:203
nav.009	繁中	檔案與頁簽列	components/FileNav.tsx:178
nav.010	譯為	檔案與頁簽列	components/FileNav.tsx:178
nav.targetLang	EN	檔案與頁簽列：檔案的目標語言	components/FileNav.tsx:178
nav.011	{n} 個頁簽	檔案與頁簽列	components/FileNav.tsx:204
nav.012	手動貼入…	檔案與頁簽列	components/FileNav.tsx:215
nav.013	匯入檔案…	檔案與頁簽列	components/FileNav.tsx:218
nav.014	管理專案…	檔案與頁簽列	components/FileNav.tsx:221
nav.015	隱藏檔案欄	檔案與頁簽列	components/FileNav.tsx:226 components/FileNav.tsx:226
nav.016	頁簽「{v1}」	檔案與頁簽列	components/FileNav.tsx:231
nav.017	重新命名	檔案與頁簽列	components/FileNav.tsx:233
nav.018	清除	檔案與頁簽列	components/FileNav.tsx:234 components/FileNav.tsx:253
nav.019	刪除	檔案與頁簽列	components/FileNav.tsx:235 components/FileNav.tsx:253
nav.020	插入	檔案與頁簽列	components/FileNav.tsx:236
nav.021	更新原文（實驗性功能）	檔案與頁簽列	components/FileNav.tsx:237
nav.022	檔案「{v1}」	檔案與頁簽列	components/FileNav.tsx:242
nav.023	更改專案	檔案與頁簽列	components/FileNav.tsx:243
nav.clearSheetAsk	清除頁簽「{name}」？	檔案與頁簽列	components/FileNav.tsx:249
nav.deleteSheetAsk	刪除頁簽「{name}」？	檔案與頁簽列	components/FileNav.tsx:249
nav.025	頁簽裡的條目會全部拿掉，頁簽保留。	檔案與頁簽列	components/FileNav.tsx:250
nav.026	取消	檔案與頁簽列	components/FileNav.tsx:252
font.001	預設	字形選單	components/FontSelect.tsx:45 components/FontSelect.tsx:57 components/FontSelect.tsx:74
font.002	{label}字形	字形選單	components/FontSelect.tsx:52 components/FontSelect.tsx:63
font.003	搜尋字形	字形選單	components/FontSelect.tsx:67
font.004	近期	字形選單	components/FontSelect.tsx:72
font.005	全部	字形選單	components/FontSelect.tsx:73
import.001	讀不到這個檔案：{v1}	匯入視窗	components/ImportDialog.tsx:70
import.002	關閉	匯入視窗	components/ImportDialog.tsx:89
import.003	匯入檔案	匯入視窗	components/ImportDialog.tsx:102 components/ImportDialog.tsx:164 components/ImportDialog.tsx:206
import.004	把檔案拖到這裡	匯入視窗	components/ImportDialog.tsx:114
import.005	選擇檔案	匯入視窗	components/ImportDialog.tsx:116
import.006	檔名	匯入視窗	components/ImportDialog.tsx:132
import.008	專案	匯入視窗	components/ImportDialog.tsx:135
import.009	取消	匯入視窗	components/ImportDialog.tsx:145
import.010	匯入	匯入視窗	components/ImportDialog.tsx:147
import.011	{n} 條	匯入視窗	components/ImportDialog.tsx:171
import.012	還沒貼原文	匯入視窗	components/ImportDialog.tsx:184
import.013	還沒選原文	匯入視窗	components/ImportDialog.tsx:184
import.014	頁簽	匯入視窗	components/ImportDialog.tsx:209
import.015	頁簽名稱	匯入視窗	components/ImportDialog.tsx:216
import.016	雙擊改名	匯入視窗	components/ImportDialog.tsx:221
import.017	移除頁簽「{name}」	匯入視窗	components/ImportDialog.tsx:229
import.018	移除	匯入視窗	components/ImportDialog.tsx:229 components/ImportDialog.tsx:243
import.019	頁簽「{v1}」	匯入視窗	components/ImportDialog.tsx:240
import.020	重新命名	匯入視窗	components/ImportDialog.tsx:242
import.021	把選取的範圍設為{label}	匯入視窗	components/ImportDialog.tsx:353
import.022	未選	匯入視窗	components/ImportDialog.tsx:355
import.023	清除{label}	匯入視窗	components/ImportDialog.tsx:358
import.024	清除	匯入視窗	components/ImportDialog.tsx:358
import.025	設為	匯入視窗	components/ImportDialog.tsx:401
import.026	設為{label}	匯入視窗	components/ImportDialog.tsx:402
length.001	既有參數	長度標準視窗	components/LengthDialog.tsx:14
length.002	中文上限	長度標準視窗	components/LengthDialog.tsx:15
length.003	視覺	長度標準視窗	components/LengthDialog.tsx:16
length.004	譯文字型	長度標準視窗	components/LengthDialog.tsx:114
length.005	譯文	長度標準視窗	components/LengthDialog.tsx:115
length.006	譯文字級	長度標準視窗	components/LengthDialog.tsx:116
length.007	檔案的長度標準	長度標準視窗	components/LengthDialog.tsx:126
length.008	這一條的特殊標準	長度標準視窗	components/LengthDialog.tsx:126
length.009	關閉	長度標準視窗	components/LengthDialog.tsx:127 components/LengthDialog.tsx:220
length.010	目前：	長度標準視窗	components/LengthDialog.tsx:135
length.011	（檔案標準）	長度標準視窗	components/LengthDialog.tsx:135
length.012	常用標準	長度標準視窗	components/LengthDialog.tsx:139
length.013	套用常用標準	長度標準視窗	components/LengthDialog.tsx:140
length.014	(無)	長度標準視窗	components/LengthDialog.tsx:141
length.015	管理常用標準…	長度標準視窗	components/LengthDialog.tsx:141
length.016	設定方式	長度標準視窗	components/LengthDialog.tsx:144
length.017	欄寬	長度標準視窗	components/LengthDialog.tsx:156
length.018	行數	長度標準視窗	components/LengthDialog.tsx:158 components/LengthDialog.tsx:167
length.019	每行最多	長度標準視窗	components/LengthDialog.tsx:165
length.020	字	長度標準視窗	components/LengthDialog.tsx:166
length.021	以微軟正黑體 12pt 換算，欄寬 {px}px	長度標準視窗	components/LengthDialog.tsx:170
length.022	示範字數	長度標準視窗	components/LengthDialog.tsx:176
length.023	欄寬 {px}px・{lines} 行	長度標準視窗	components/LengthDialog.tsx:178
length.024	拖動調整欄寬	長度標準視窗	components/LengthDialog.tsx:187
length.025	常用標準名稱	長度標準視窗	components/LengthDialog.tsx:195 components/LengthDialog.tsx:195
length.026	存成常用標準	長度標準視窗	components/LengthDialog.tsx:196
length.027	無上限	長度標準視窗	components/LengthDialog.tsx:202
length.028	改回檔案標準	長度標準視窗	components/LengthDialog.tsx:205
length.029	取消	長度標準視窗	components/LengthDialog.tsx:209
length.030	套用	長度標準視窗	components/LengthDialog.tsx:211
length.031	管理常用標準	長度標準視窗	components/LengthDialog.tsx:219
length.032	還沒有常用標準	長度標準視窗	components/LengthDialog.tsx:226
length.033	刪除常用標準「{name}」	長度標準視窗	components/LengthDialog.tsx:233
length.034	刪除	長度標準視窗	components/LengthDialog.tsx:233
manage.001	關閉	管理專案／字典視窗	components/ManageDialogs.tsx:41
manage.002	名稱	管理專案／字典視窗	components/ManageDialogs.tsx:59
manage.003	收起	管理專案／字典視窗	components/ManageDialogs.tsx:67
manage.004	展開	管理專案／字典視窗	components/ManageDialogs.tsx:67
manage.005	更改專案：{name}	管理專案／字典視窗	components/ManageDialogs.tsx:132
manage.006	專案	管理專案／字典視窗	components/ManageDialogs.tsx:134
manage.007	取消	管理專案／字典視窗	components/ManageDialogs.tsx:139 components/ManageDialogs.tsx:158 components/ManageDialogs.tsx:275 components/ManageDialogs.tsx:602
manage.008	確定	管理專案／字典視窗	components/ManageDialogs.tsx:140
manage.009	刪除檔案「{v1}」？	管理專案／字典視窗	components/ManageDialogs.tsx:161
manage.010	檔案會移到資源回收筒。	管理專案／字典視窗	components/ManageDialogs.tsx:161
manage.011	刪除	管理專案／字典視窗	components/ManageDialogs.tsx:162 components/ManageDialogs.tsx:166 components/ManageDialogs.tsx:173 components/ManageDialogs.tsx:215 components/ManageDialogs.tsx:246 components/ManageDialogs.tsx:282 components/ManageDialogs.tsx:283 components/ManageDialogs.tsx:412 components/ManageDialogs.tsx:544 components/ManageDialogs.tsx:588
manage.012	刪除字典「{name}」？	管理專案／字典視窗	components/ManageDialogs.tsx:165
manage.013	字典會移到資源回收筒。	管理專案／字典視窗	components/ManageDialogs.tsx:165
manage.014	{files} 個檔案	管理專案／字典視窗	components/ManageDialogs.tsx:170
manage.015	{dicts} 本字典	管理專案／字典視窗	components/ManageDialogs.tsx:170
manage.016	刪除專案「{name}」？	管理專案／字典視窗	components/ManageDialogs.tsx:172 components/ManageDialogs.tsx:175
manage.017	專案裡的 {parts}會移到資源回收筒。	管理專案／字典視窗	components/ManageDialogs.tsx:172
manage.018	專案裡有 {parts}。檔案會移到資源回收筒，字典要一起刪除，還是移到共用？	管理專案／字典視窗	components/ManageDialogs.tsx:176
manage.019	一起刪除	管理專案／字典視窗	components/ManageDialogs.tsx:179
manage.020	移到共用	管理專案／字典視窗	components/ManageDialogs.tsx:180
manage.021	重新命名	管理專案／字典視窗	components/ManageDialogs.tsx:208 components/ManageDialogs.tsx:208 components/ManageDialogs.tsx:282 components/ManageDialogs.tsx:283 components/ManageDialogs.tsx:412 components/ManageDialogs.tsx:540 components/ManageDialogs.tsx:540 components/ManageDialogs.tsx:588
manage.022	更改專案	管理專案／字典視窗	components/ManageDialogs.tsx:214 components/ManageDialogs.tsx:214 components/ManageDialogs.tsx:282 components/ManageDialogs.tsx:542 components/ManageDialogs.tsx:542 components/ManageDialogs.tsx:588
manage.023	刪除檔案	管理專案／字典視窗	components/ManageDialogs.tsx:215
manage.024	管理專案	管理專案／字典視窗	components/ManageDialogs.tsx:222
manage.025	新增專案	管理專案／字典視窗	components/ManageDialogs.tsx:226
manage.026	專案名稱	管理專案／字典視窗	components/ManageDialogs.tsx:229
manage.027	{length} 個檔案	管理專案／字典視窗	components/ManageDialogs.tsx:236
manage.028	刪除專案{p}	管理專案／字典視窗	components/ManageDialogs.tsx:246
manage.029	選擇左邊的檔案	管理專案／字典視窗	components/ManageDialogs.tsx:266
manage.030	有未儲存的修改	管理專案／字典視窗	components/ManageDialogs.tsx:273 components/ManageDialogs.tsx:600
manage.031	這個檔案的修改還沒儲存。	管理專案／字典視窗	components/ManageDialogs.tsx:273
manage.032	不儲存	管理專案／字典視窗	components/ManageDialogs.tsx:276 components/ManageDialogs.tsx:603
manage.033	專案操作	管理專案／字典視窗	components/ManageDialogs.tsx:280
manage.036	頁簽	管理專案／字典視窗	components/ManageDialogs.tsx:377
manage.037	頁簽名稱	管理專案／字典視窗	components/ManageDialogs.tsx:380
manage.038	新增頁簽	管理專案／字典視窗	components/ManageDialogs.tsx:391 components/ManageDialogs.tsx:391
manage.039	{total} 條	管理專案／字典視窗	components/ManageDialogs.tsx:403
manage.040	還原	管理專案／字典視窗	components/ManageDialogs.tsx:406 components/ManageDialogs.tsx:578
manage.041	儲存	管理專案／字典視窗	components/ManageDialogs.tsx:407 components/ManageDialogs.tsx:579
manage.042	頁簽「{v1}」	管理專案／字典視窗	components/ManageDialogs.tsx:411
manage.043	原文	管理專案／字典視窗	components/ManageDialogs.tsx:428
manage.044	譯文	管理專案／字典視窗	components/ManageDialogs.tsx:428
manage.045	備註	管理專案／字典視窗	components/ManageDialogs.tsx:428
manage.046	原文 {n} 行、譯文 {length} 行，行數不一致	管理專案／字典視窗	components/ManageDialogs.tsx:468
manage.047	備註比原文多了 {v1} 行	管理專案／字典視窗	components/ManageDialogs.tsx:469
manage.048	已清除 {n} 筆重複詞條	管理專案／字典視窗	components/ManageDialogs.tsx:492
manage.049	沒有重複的詞條	管理專案／字典視窗	components/ManageDialogs.tsx:492
manage.050	管理字典	管理專案／字典視窗	components/ManageDialogs.tsx:504
manage.051	新字典	管理專案／字典視窗	components/ManageDialogs.tsx:514
manage.052	在{p}新增字典	管理專案／字典視窗	components/ManageDialogs.tsx:514
manage.053	字典名稱	管理專案／字典視窗	components/ManageDialogs.tsx:518
manage.054	刪除字典	管理專案／字典視窗	components/ManageDialogs.tsx:544
manage.055	選擇左邊的字典	管理專案／字典視窗	components/ManageDialogs.tsx:558
manage.056	{n} 筆	管理專案／字典視窗	components/ManageDialogs.tsx:570
manage.057	清除這本字典裡原文、譯文、備註都一樣的詞條，留第一筆（行數對不上時不能用）	管理專案／字典視窗	components/ManageDialogs.tsx:572
manage.058	清除重複詞條	管理專案／字典視窗	components/ManageDialogs.tsx:573
manage.059	字典「{name}」	管理專案／字典視窗	components/ManageDialogs.tsx:587
manage.060	這本字典的修改還沒儲存。	管理專案／字典視窗	components/ManageDialogs.tsx:600
markmenu.001	管理自訂標記…	標記選單	components/MarkMenu.tsx:64
pastebox.001	選取整欄	貼入框	components/PasteBox.tsx:169
pastebox.002	＊必填	貼入框	components/PasteBox.tsx:173
pastebox.003	{n} 行	貼入框	components/PasteBox.tsx:176
pastebox.004	清除{label}	貼入框	components/PasteBox.tsx:177
pastebox.005	清除	貼入框	components/PasteBox.tsx:177
pastebox.006	 {length} 行	貼入框	components/PasteBox.tsx:250
pastebox.007	 第 {v1} 行	貼入框	components/PasteBox.tsx:250
pastebox.008	編輯	貼入框	components/PasteBox.tsx:252
pastebox.009	清空	貼入框	components/PasteBox.tsx:253
pastebox.010	刪除	貼入框	components/PasteBox.tsx:254
pastebox.011	插入	貼入框	components/PasteBox.tsx:255
paste.004	插入頁簽	手動貼入視窗	components/PasteDialog.tsx:230
paste.005	手動貼入	手動貼入視窗	components/PasteDialog.tsx:230
paste.006	關閉	手動貼入視窗	components/PasteDialog.tsx:231
paste.007	檔名	手動貼入視窗	components/PasteDialog.tsx:239
paste.008	專案	手動貼入視窗	components/PasteDialog.tsx:242
paste.009	頁簽	手動貼入視窗	components/PasteDialog.tsx:247
paste.010	頁簽名稱	手動貼入視窗	components/PasteDialog.tsx:263
paste.011	雙擊改名	手動貼入視窗	components/PasteDialog.tsx:268
paste.012	移除頁簽「{name}」	手動貼入視窗	components/PasteDialog.tsx:282
paste.013	移除	手動貼入視窗	components/PasteDialog.tsx:282
paste.014	新增頁簽	手動貼入視窗	components/PasteDialog.tsx:291 components/PasteDialog.tsx:291
paste.015	取消	手動貼入視窗	components/PasteDialog.tsx:311
paste.016	建立	手動貼入視窗	components/PasteDialog.tsx:313
paste.017	頁簽「{v1}」	手動貼入視窗	components/PasteDialog.tsx:318
paste.018	重新命名	手動貼入視窗	components/PasteDialog.tsx:320
paste.019	清空	手動貼入視窗	components/PasteDialog.tsx:321
paste.020	刪除	手動貼入視窗	components/PasteDialog.tsx:322
paste.021	插入	手動貼入視窗	components/PasteDialog.tsx:323
picker.001	新增專案	專案／字典選單	components/Pickers.tsx:42
picker.002	專案名稱	專案／字典選單	components/Pickers.tsx:42
picker.003	新字典	專案／字典選單	components/Pickers.tsx:49
picker.004	字典名稱	專案／字典選單	components/Pickers.tsx:49
picker.005	專案	專案／字典選單	components/Pickers.tsx:61
picker.006	字典	專案／字典選單	components/Pickers.tsx:61
picker.007	檔案	專案／字典選單	components/Pickers.tsx:61
picker.008	{label}名稱不能有 \ / : * ? " < > |	專案／字典選單	components/Pickers.tsx:64
picker.009	{label}名稱不能用「.」開頭	專案／字典選單	components/Pickers.tsx:66
picker.010	{label}名稱結尾不能是「.」	專案／字典選單	components/Pickers.tsx:67
picker.011	「{n}」是 Windows 保留的名稱	專案／字典選單	components/Pickers.tsx:68
picker.012	「{DICT_DIR}」是保留名稱	專案／字典選單	components/Pickers.tsx:70 components/Pickers.tsx:71
picker.013	已有同名{label}	專案／字典選單	components/Pickers.tsx:74
rename.001	名稱	改名輸入框	components/RenameInput.tsx:20
rootconflict.001	新資料夾裡已經有同名的內容	換存檔資料夾的同名衝突視窗	components/RootConflictDialog.tsx:30
rootconflict.002	每一項選要用哪一份。沒選到的那一份會被覆蓋。	換存檔資料夾的同名衝突視窗	components/RootConflictDialog.tsx:31
rootconflict.003	檔案	換存檔資料夾的同名衝突視窗	components/RootConflictDialog.tsx:39
rootconflict.004	字典	換存檔資料夾的同名衝突視窗	components/RootConflictDialog.tsx:39
rootconflict.005	軟體裡的	換存檔資料夾的同名衝突視窗	components/RootConflictDialog.tsx:43
rootconflict.006	資料夾裡原有的	換存檔資料夾的同名衝突視窗	components/RootConflictDialog.tsx:44
rootconflict.007	取消	換存檔資料夾的同名衝突視窗	components/RootConflictDialog.tsx:52
rootconflict.008	換到這個資料夾	換存檔資料夾的同名衝突視窗	components/RootConflictDialog.tsx:54
settings.001	一般	設定	components/SettingsDialog.tsx:25
settings.002	工作模式	設定	components/SettingsDialog.tsx:25
settings.003	標記	設定	components/SettingsDialog.tsx:25
settings.004	檢查	設定	components/SettingsDialog.tsx:25
settings.005	快捷鍵	設定	components/SettingsDialog.tsx:25
settings.006	外觀	設定	components/SettingsDialog.tsx:25
settings.007	設定	設定	components/SettingsDialog.tsx:71
settings.008	關閉設定	設定	components/SettingsDialog.tsx:72
settings.009	設定分類	設定	components/SettingsDialog.tsx:78
settings.010	內建標記	設定	components/SettingsDialog.tsx:93
settings.011	自訂標記	設定	components/SettingsDialog.tsx:108
settings.012	符號	設定	components/SettingsDialog.tsx:113
settings.013	文字	設定	components/SettingsDialog.tsx:113
settings.014	刪除標記「{name}」	設定	components/SettingsDialog.tsx:114
settings.015	刪除	設定	components/SettingsDialog.tsx:114
settings.016	還沒有自訂標記	設定	components/SettingsDialog.tsx:124
settings.017	新增自訂標記	設定	components/SettingsDialog.tsx:128
settings.018	名稱	設定	components/SettingsDialog.tsx:131
settings.019	例如：需問企劃	設定	components/SettingsDialog.tsx:132
settings.020	標記樣式	設定	components/SettingsDialog.tsx:134
settings.021	符號庫	設定	components/SettingsDialog.tsx:135 components/SettingsDialog.tsx:141
settings.022	自行輸入	設定	components/SettingsDialog.tsx:136
settings.023	標記文字	設定	components/SettingsDialog.tsx:156
settings.024	例如 TM、長、?	設定	components/SettingsDialog.tsx:157
settings.025	顏色	設定	components/SettingsDialog.tsx:164
settings.026	標記顏色	設定	components/SettingsDialog.tsx:165
settings.027	預覽	設定	components/SettingsDialog.tsx:178
settings.028	未命名標記	設定	components/SettingsDialog.tsx:183
settings.029	新增標記	設定	components/SettingsDialog.tsx:188
settings.030	要一起清掉條目上的這個標記嗎？	設定	components/SettingsDialog.tsx:197
settings.031	選「保留」的話，標記會留在檔案裡，但畫面上不會顯示。	設定	components/SettingsDialog.tsx:198
settings.032	取消	設定	components/SettingsDialog.tsx:200 components/SettingsDialog.tsx:319
settings.033	保留	設定	components/SettingsDialog.tsx:201
settings.034	一起清掉	設定	components/SettingsDialog.tsx:202
settings.035	標點與機器驗證	設定	components/SettingsDialog.tsx:216
settings.036	句子長度	設定	components/SettingsDialog.tsx:228
settings.037	超框	設定	components/SettingsDialog.tsx:231
settings.038	終點線	設定	components/SettingsDialog.tsx:235
settings.039	「{combo}」已被「{v1}」使用	設定	components/SettingsDialog.tsx:264
settings.040	情境	設定	components/SettingsDialog.tsx:311
settings.041	還原預設	設定	components/SettingsDialog.tsx:315 components/SettingsDialog.tsx:533
settings.042	把「{v1}」的快捷鍵還原成預設？	設定	components/SettingsDialog.tsx:318
settings.043	還原	設定	components/SettingsDialog.tsx:319
settings.044	按下新的組合鍵	設定	components/SettingsDialog.tsx:335
settings.045	存檔資料夾	設定	components/SettingsDialog.tsx:380
settings.046	更改…	設定	components/SettingsDialog.tsx:388
settings.047	自動存檔	設定	components/SettingsDialog.tsx:392
settings.048	每 {input} 分鐘	設定	components/SettingsDialog.tsx:363
settings.049	自動存檔間隔（分鐘）	設定	components/SettingsDialog.tsx:395
settings.051	色彩模式	設定	components/SettingsDialog.tsx:460 components/SettingsDialog.tsx:461
settings.052	深色	設定	components/SettingsDialog.tsx:462
settings.053	淺色	設定	components/SettingsDialog.tsx:462
settings.054	跟隨系統	設定	components/SettingsDialog.tsx:462
settings.055	主題色	設定	components/SettingsDialog.tsx:469 components/SettingsDialog.tsx:470
settings.056	迷幻	設定	components/SettingsDialog.tsx:476 components/SettingsDialog.tsx:476
settings.057	自訂主題色	設定	components/SettingsDialog.tsx:491 components/SettingsDialog.tsx:491
settings.058	迷幻主題色會不停重繪畫面，比較舊的電腦或開著很大的檔案時，可能會稍微變慢、比較耗電。	設定	components/SettingsDialog.tsx:498
settings.059	字體	設定	components/SettingsDialog.tsx:518
settings.060	{label}字型大小	設定	components/SettingsDialog.tsx:530
settings.061	跟隨系統字	設定	components/SettingsDialog.tsx:541
settings.062	超框時	設定	components/SettingsDialog.tsx:545
settings.063	{label}超框時	設定	components/SettingsDialog.tsx:546
side.001	字典	工具欄	components/SidePanel.tsx:19
side.002	搜尋	工具欄	components/SidePanel.tsx:20
side.003	瀏覽器	工具欄	components/SidePanel.tsx:21
side.004	參照	工具欄	components/SidePanel.tsx:22
side.006	按 Alt+{altKey} 把譯名放進譯文框	工具欄	components/SidePanel.tsx:44
side.007	編輯詞條「{term}」	工具欄	components/SidePanel.tsx:56
side.008	編輯詞條	工具欄	components/SidePanel.tsx:56
side.009	複製譯文「{en}」	工具欄	components/SidePanel.tsx:61
side.010	已複製	工具欄	components/SidePanel.tsx:61
side.011	複製譯文	工具欄	components/SidePanel.tsx:61
side.012	搜尋詞條	工具欄	components/SidePanel.tsx:129
side.013	搜尋專有名詞或譯名	工具欄	components/SidePanel.tsx:134
side.014	新增詞條	工具欄	components/SidePanel.tsx:136 components/SidePanel.tsx:136
side.015	貼入字典	工具欄	components/SidePanel.tsx:141 components/SidePanel.tsx:141
side.016	管理字典	工具欄	components/SidePanel.tsx:145 components/SidePanel.tsx:145
side.017	啟用的字典	工具欄	components/SidePanel.tsx:154 components/SidePanel.tsx:158
side.018	搜尋結果 {n} 筆	工具欄	components/SidePanel.tsx:173
side.020	找不到「{q}」	工具欄	components/SidePanel.tsx:176 components/SidePanel.tsx:266
side.021	這一條命中 {n} 個詞條	工具欄	components/SidePanel.tsx:180
side.023	這一條沒有符合的詞條	工具欄	components/SidePanel.tsx:182
side.024	字典「{name}」	工具欄	components/SidePanel.tsx:184
side.025	更改專案	工具欄	components/SidePanel.tsx:184
side.026	尚未翻譯	工具欄	components/SidePanel.tsx:207
side.027	搜尋所有檔案	工具欄	components/SidePanel.tsx:254 components/SidePanel.tsx:256
side.028	上一頁	工具欄	components/SidePanel.tsx:277
side.029	下一頁	工具欄	components/SidePanel.tsx:278
side.030	重新整理	工具欄	components/SidePanel.tsx:279
side.031	網址	工具欄	components/SidePanel.tsx:280
side.032	輸入網址或關鍵字	工具欄	components/SidePanel.tsx:281
side.033	專案參照文件	工具欄	components/SidePanel.tsx:295
side.034	備註	工具欄	components/SidePanel.tsx:340
side.035	建議翻譯	工具欄	components/SidePanel.tsx:350 components/SidePanel.tsx:376
side.036	略過	工具欄	components/SidePanel.tsx:357
side.037	{n} 字元	工具欄	components/SidePanel.tsx:360
side.038	刪除建議翻譯	工具欄	components/SidePanel.tsx:363
side.039	刪除	工具欄	components/SidePanel.tsx:365
side.040	記錄目前譯文，並把建議翻譯套用到譯文框	工具欄	components/SidePanel.tsx:367
side.041	套用	工具欄	components/SidePanel.tsx:369
side.042	我的備註	工具欄	components/SidePanel.tsx:395 components/SidePanel.tsx:400
side.043	其他功能	工具欄	components/SidePanel.tsx:415
side.044	功能分頁	工具欄	components/SidePanel.tsx:418
side.045	新增分頁	工具欄	components/SidePanel.tsx:434 components/SidePanel.tsx:434
side.046	隱藏右側欄	工具欄	components/SidePanel.tsx:437 components/SidePanel.tsx:437
splash.001	檢測到新版本	啟動畫面	components/Splash.tsx:17
splash.002	檢測到新版本 {version}，是否更新？	啟動畫面	components/Splash.tsx:18
splash.003	稍後	啟動畫面	components/Splash.tsx:21
splash.004	更新	啟動畫面	components/Splash.tsx:23
splash.005	取消	啟動畫面	components/Splash.tsx:52
srcupd.001	發話者	更新原文視窗	components/SrcUpdateDialog.tsx:19
srcupd.002	原文	更新原文視窗	components/SrcUpdateDialog.tsx:19
srcupd.003	更新原文：	更新原文視窗	components/SrcUpdateDialog.tsx:96
srcupd.004	實驗性功能	更新原文視窗	components/SrcUpdateDialog.tsx:96
srcupd.005	關閉	更新原文視窗	components/SrcUpdateDialog.tsx:98
srcupd.006	新版 {length} 條，目前 {v1} 條	更新原文視窗	components/SrcUpdateDialog.tsx:121
srcupd.007	比對中…	更新原文視窗	components/SrcUpdateDialog.tsx:122
srcupd.008	沒變 {same}、改了 {changed}、新增 {added}、移除 {removed}	更新原文視窗	components/SrcUpdateDialog.tsx:122
srcupd.009	取消	更新原文視窗	components/SrcUpdateDialog.tsx:127 components/SrcUpdateDialog.tsx:142
srcupd.010	下一步	更新原文視窗	components/SrcUpdateDialog.tsx:128
srcupd.011	上一步	更新原文視窗	components/SrcUpdateDialog.tsx:132
srcupd.012	確定	更新原文視窗	components/SrcUpdateDialog.tsx:133
srcupd.013	套用新版原文？	更新原文視窗	components/SrcUpdateDialog.tsx:140
srcupd.014	沒變 {same}、改了 {changed}、新增 {added}、移除 {removed}。套用後可以在條目欄按 Ctrl+Z 退回。	更新原文視窗	components/SrcUpdateDialog.tsx:141
srcupd.015	套用	更新原文視窗	components/SrcUpdateDialog.tsx:142
srcupd.016	目前的原文	更新原文視窗	components/SrcUpdateDialog.tsx:259
srcupd.017	新版原文	更新原文視窗	components/SrcUpdateDialog.tsx:259
srcupd.018	相似度	更新原文視窗	components/SrcUpdateDialog.tsx:259
srcupd.019	對齊	更新原文視窗	components/SrcUpdateDialog.tsx:273
srcupd.020	插入空格	更新原文視窗	components/SrcUpdateDialog.tsx:274
srcupd.021	刪除空格	更新原文視窗	components/SrcUpdateDialog.tsx:274
srcupd.022	（空格）	更新原文視窗	components/SrcUpdateDialog.tsx:290
srcupd.023	有改	更新原文視窗	components/SrcUpdateDialog.tsx:309
srcupd.024	差很多或對面是空格	更新原文視窗	components/SrcUpdateDialog.tsx:309
srcupd.025	高相似：第 {n} 條	更新原文視窗	components/SrcUpdateDialog.tsx:317
term.001	編輯詞條	新增詞條視窗	components/TermDialog.tsx:42
term.002	新增詞條	新增詞條視窗	components/TermDialog.tsx:42
term.003	關閉	新增詞條視窗	components/TermDialog.tsx:43
term.004	原文	新增詞條視窗	components/TermDialog.tsx:51
term.005	例如：石像鬼	新增詞條視窗	components/TermDialog.tsx:52
term.006	譯文	新增詞條視窗	components/TermDialog.tsx:55
term.007	例如：Gargoyle	新增詞條視窗	components/TermDialog.tsx:56
term.008	備註	新增詞條視窗	components/TermDialog.tsx:60
term.009	例如：怪物名，複數 Gargoyles	新增詞條視窗	components/TermDialog.tsx:61
term.010	專案	新增詞條視窗	components/TermDialog.tsx:66
term.011	字典	新增詞條視窗	components/TermDialog.tsx:70
term.012	刪除詞條	新增詞條視窗	components/TermDialog.tsx:81
term.013	取消	新增詞條視窗	components/TermDialog.tsx:87
term.014	儲存	新增詞條視窗	components/TermDialog.tsx:89
title.001	翻譯	標題列	components/TitleBar.tsx:17
title.002	驗證	標題列	components/TitleBar.tsx:18
title.003	檢視	標題列	components/TitleBar.tsx:19
title.004	原文修正	標題列	components/TitleBar.tsx:20
title.005	切換為深色模式	標題列	components/TitleBar.tsx:44
title.006	切換為淺色模式	標題列	components/TitleBar.tsx:44
title.007	已儲存	標題列	components/TitleBar.tsx:57
title.008	儲存中…	標題列	components/TitleBar.tsx:58
title.009	未存檔：{target}，{reason}（另有 {v1} 項）	標題列	components/TitleBar.tsx:59
title.010	未存檔：{target}，{reason}	標題列	components/TitleBar.tsx:59
title.011	未存檔，稍後自動重試	標題列	components/TitleBar.tsx:59
title.012	有未儲存的修改	標題列	components/TitleBar.tsx:60
title.013	儲存	標題列	components/TitleBar.tsx:62 components/TitleBar.tsx:62
title.014	儲存（{key}）	標題列	components/TitleBar.tsx:62
title.015	有新版本 {update}	標題列	components/TitleBar.tsx:67
title.016	有新版本 {update}，點一下更新	標題列	components/TitleBar.tsx:67
title.017	工作模式	標題列	components/TitleBar.tsx:74
title.018	設定	標題列	components/TitleBar.tsx:99 components/TitleBar.tsx:99
title.019	最小化	標題列	components/TitleBar.tsx:104
title.020	最大化	標題列	components/TitleBar.tsx:105
title.021	關閉	標題列	components/TitleBar.tsx:106
work.001	只能編輯譯文	工作欄	components/WorkPanel.tsx:28
work.002	在修改框修正譯文	工作欄	components/WorkPanel.tsx:29
work.003	唯讀	工作欄	components/WorkPanel.tsx:30 components/WorkPanel.tsx:562
work.004	只能編輯原文，原始版本會保留	工作欄	components/WorkPanel.tsx:31
work.005	調整工作欄高度	工作欄	components/WorkPanel.tsx:65 components/WorkPanel.tsx:496
work.006	工作欄	工作欄	components/WorkPanel.tsx:66 components/WorkPanel.tsx:497
work.007	選擇標記，目前：{v1}	工作欄	components/WorkPanel.tsx:199
work.008	略過	工作欄	components/WorkPanel.tsx:431
work.009	返回目前譯文	工作欄	components/WorkPanel.tsx:435
work.010	查看修改（按住預覽）	工作欄	components/WorkPanel.tsx:435
work.011	查看修改（尚無記錄）	工作欄	components/WorkPanel.tsx:435
work.012	譯文記錄	工作欄	components/WorkPanel.tsx:440
work.013	記錄	工作欄	components/WorkPanel.tsx:441 components/WorkPanel.tsx:441 components/WorkPanel.tsx:474
work.014	查看修改	工作欄	components/WorkPanel.tsx:445
work.015	使用此內容	工作欄	components/WorkPanel.tsx:465 components/WorkPanel.tsx:465
work.016	選擇記錄槽位	工作欄	components/WorkPanel.tsx:475
work.017	記錄 {v1}	工作欄	components/WorkPanel.tsx:479
work.018	原文	工作欄	components/WorkPanel.tsx:505
work.019	可編輯	工作欄	components/WorkPanel.tsx:508
work.020	新版已移除	工作欄	components/WorkPanel.tsx:513
work.021	已套用新原文	工作欄	components/WorkPanel.tsx:513
work.022	原文已更新	工作欄	components/WorkPanel.tsx:513
work.023	舊原文	工作欄	components/WorkPanel.tsx:513
work.024	{n} 字	工作欄	components/WorkPanel.tsx:517
work.025	原文更新	工作欄	components/WorkPanel.tsx:533
work.026	按住看舊原文	工作欄	components/WorkPanel.tsx:534 components/WorkPanel.tsx:534
work.027	套用（刪除這條）	工作欄	components/WorkPanel.tsx:545
work.028	套用新原文	工作欄	components/WorkPanel.tsx:545 components/WorkPanel.tsx:545
work.029	譯文	工作欄	components/WorkPanel.tsx:559
work.030	已記錄 {length} / 3	工作欄	components/WorkPanel.tsx:568
work.031	{n} 字元	工作欄	components/WorkPanel.tsx:569 components/WorkPanel.tsx:602
work.032	修改	工作欄	components/WorkPanel.tsx:595 components/WorkPanel.tsx:622
work.033	用修改後的內容取代譯文	工作欄	components/WorkPanel.tsx:599
work.034	全部套用	工作欄	components/WorkPanel.tsx:600
work.035	已記錄 {n} / 3	工作欄	components/WorkPanel.tsx:601
work.036	編輯	工作欄	components/WorkPanel.tsx:624
work.037	刪除	工作欄	components/WorkPanel.tsx:624
work.038	套用	工作欄	components/WorkPanel.tsx:624 components/WorkPanel.tsx:625
work.039	忽略修改	工作欄	components/WorkPanel.tsx:625
work.040	條目功能	工作欄	components/WorkPanel.tsx:639
work.041	複製原文和譯文	工作欄	components/WorkPanel.tsx:640 components/WorkPanel.tsx:640
work.042	清除譯文	工作欄	components/WorkPanel.tsx:645 components/WorkPanel.tsx:645
work.043	全部清除	工作欄	components/WorkPanel.tsx:650
work.044	清除這一條的所有修改	工作欄	components/WorkPanel.tsx:650
work.045	插入標籤	工作欄	components/WorkPanel.tsx:657
work.046	插入標籤，例如 {0}	工作欄	components/WorkPanel.tsx:657
work.047	複製譯文	工作欄	components/WorkPanel.tsx:662
work.048	複製譯文到剪貼簿	工作欄	components/WorkPanel.tsx:662
work.049	第 {n} / {total} 條	工作欄	components/WorkPanel.tsx:672
work.051	設定這一條的長度標準	工作欄	components/WorkPanel.tsx:673
work.052	這一條的特殊長度標準	工作欄	components/WorkPanel.tsx:673
work.053	特殊標準	工作欄	components/WorkPanel.tsx:675
work.054	上一條	工作欄	components/WorkPanel.tsx:681
work.055	標記並下一條	工作欄	components/WorkPanel.tsx:693
work.056	按下後留下的標記	工作欄	components/WorkPanel.tsx:695
work.057	選擇按鈕要留下的標記	工作欄	components/WorkPanel.tsx:695
work.058	疑慮並下一條	工作欄	components/WorkPanel.tsx:703
work.059	驗證並下一條	工作欄	components/WorkPanel.tsx:703
work.060	下一條	工作欄	components/WorkPanel.tsx:708
fs.001	寫入的檔案不完整	檔案讀寫	data/fsio.ts:43
importfile.001	不支援這種檔案	匯入檔案訊息	data/importio.ts:39
importfile.002	無法讀取這個檔案	匯入檔案訊息	data/importio.ts:58
importfile.003	檔案裡沒有內容	匯入檔案訊息	data/importio.ts:61
load.001	字典 / {name} / {v1}	讀取訊息	data/persist.ts:121
load.002	讀取專案「{name}」	讀取訊息	data/persist.ts:173
load.003	讀取字典	讀取訊息	data/persist.ts:215
xlsx.001	轉檔失敗	存檔轉檔	data/xlsxAsync.ts:19 data/xlsxAsync.ts:23
align.001	比對失敗	原文更新比對	model/alignAsync.ts:18 model/alignAsync.ts:21
check.001	標籤與變數	檢查項目與訊息	model/checks.ts:12
check.002	數字	檢查項目與訊息	model/checks.ts:13
check.003	句尾標點	檢查項目與訊息	model/checks.ts:14
check.004	全形符號	檢查項目與訊息	model/checks.ts:15
check.005	成對符號	檢查項目與訊息	model/checks.ts:16
check.006	首尾空白	檢查項目與訊息	model/checks.ts:17
check.007	連續空格	檢查項目與訊息	model/checks.ts:18
check.008	連續重複標點	檢查項目與訊息	model/checks.ts:19
check.009	殘留中文	檢查項目與訊息	model/checks.ts:20
check.010	刪節號	檢查項目與訊息	model/checks.ts:21
check.011	中文引號	檢查項目與訊息	model/checks.ts:22
check.012	大小寫	檢查項目與訊息	model/checks.ts:23
check.013	超框	檢查項目與訊息	model/checks.ts:24
check.014	缺少 {t}	檢查項目與訊息	model/checks.ts:78
check.015	多出 {t}	檢查項目與訊息	model/checks.ts:82
check.016	缺少數字 {n}	檢查項目與訊息	model/checks.ts:90
check.017	刪節號要 6 個句點（目前 {length} 個）	檢查項目與訊息	model/checks.ts:96
check.018	句尾缺少標點	檢查項目與訊息	model/checks.ts:100
check.019	有全形符號 {v1}	檢查項目與訊息	model/checks.ts:104
check.020	括號 ( ) 沒有成對	檢查項目與訊息	model/checks.ts:108
check.021	括號 [ ] 沒有成對	檢查項目與訊息	model/checks.ts:109
check.022	引號 " 沒有成對	檢查項目與訊息	model/checks.ts:110
check.023	開頭或結尾有多餘空白	檢查項目與訊息	model/checks.ts:113
check.024	有連續兩個空格	檢查項目與訊息	model/checks.ts:114
check.025	重複標點 {v1}	檢查項目與訊息	model/checks.ts:118
check.026	有中文引號 {v1}	檢查項目與訊息	model/checks.ts:122
check.027	句首要大寫	檢查項目與訊息	model/checks.ts:126
check.028	句號、問號、驚嘆號後要大寫	檢查項目與訊息	model/checks.ts:128
check.029	破折號後要小寫	檢查項目與訊息	model/checks.ts:129
check.030	譯文裡有中文字	檢查項目與訊息	model/checks.ts:132
check.031	超框（超過 {lines} 行）	檢查項目與訊息	model/checks.ts:155
colors.001	藍	主題色名稱	model/color.ts:58
colors.002	綠	主題色名稱	model/color.ts:59
colors.003	紫	主題色名稱	model/color.ts:60
colors.004	青	主題色名稱	model/color.ts:61
colors.005	琥珀	主題色名稱	model/color.ts:62
colors.006	玫瑰	主題色名稱	model/color.ts:63
fonts.001	系統字	字體設定	model/fonts.ts:24
fonts.002	發話者	字體設定	model/fonts.ts:26
fonts.003	原文	字體設定	model/fonts.ts:27
fonts.004	譯文	字體設定	model/fonts.ts:28
fonts.005	省略	字體設定	model/fonts.ts:32
fonts.006	自動換行	字體設定	model/fonts.ts:33
fonts.007	自動縮放	字體設定	model/fonts.ts:34
importsel.001	還沒選範圍	匯入選範圍	model/importSel.ts:31 model/importSel.ts:37
importsel.002	一個欄位只能選一欄	匯入選範圍	model/importSel.ts:34
len.001	未設定	長度標準	model/length.ts:46
len.002	{family} {size}pt・欄寬 {width}px・{lines} 行	長度標準	model/length.ts:48
mark.001	未翻譯	標記	model/marks.ts:5
mark.002	灰色小點	標記	model/marks.ts:5
mark.003	已翻譯	標記	model/marks.ts:6 model/marks.ts:77
mark.004	條目不顯示標記	標記	model/marks.ts:6
mark.005	已驗證	標記	model/marks.ts:7
mark.006	不顯示標記，條目文字轉灰	標記	model/marks.ts:7
mark.007	疑慮	標記	model/marks.ts:8
mark.008	黃色驚嘆號，條目底色轉黃	標記	model/marks.ts:8
mark.009	待思考	標記	model/marks.ts:9
mark.010	之後再回來想這句	標記	model/marks.ts:9
mark.011	忽略	標記	model/marks.ts:10
mark.012	不需翻譯，不計入未翻譯	標記	model/marks.ts:10
mark.013	星形	標記	model/marks.ts:14
mark.014	愛心	標記	model/marks.ts:14
mark.015	菱形	標記	model/marks.ts:14
mark.016	方塊	標記	model/marks.ts:15
mark.017	閃電	標記	model/marks.ts:15
mark.018	書籤	標記	model/marks.ts:15
mark.019	鈴鐺	標記	model/marks.ts:16
mark.020	眼睛	標記	model/marks.ts:16
mark.021	對話	標記	model/marks.ts:16
mark.022	圖釘	標記	model/marks.ts:17
mark.023	井號	標記	model/marks.ts:17
mark.024	問號	標記	model/marks.ts:17
mark.025	跟隨主題色	標記	model/marks.ts:26
mark.026	青綠	標記	model/marks.ts:27
mark.027	紫	標記	model/marks.ts:27
mark.028	珊瑚	標記	model/marks.ts:27
mark.029	綠	標記	model/marks.ts:28
mark.030	粉紅	標記	model/marks.ts:28
mark.031	灰	標記	model/marks.ts:28
mark.032	原文更新	標記	model/marks.ts:78
mark.033	英文字母最多 2 個	標記	model/marks.ts:86
mark.034	中文、日文、韓文最多 1 個字	標記	model/marks.ts:90
mark.035	只能輸入 1 到 2 個英文字母、1 個中日韓文字，或 1 個 emoji	標記	model/marks.ts:96
name.001	頁簽名稱不能空白	名稱檢查	model/names.ts:21
name.002	頁簽名稱不能有 \ / ? * [ ] :	名稱檢查	model/names.ts:22
name.003	頁簽名稱最多 31 個字	名稱檢查	model/names.ts:23
name.004	頁簽名稱開頭、結尾不能是 '	名稱檢查	model/names.ts:24
name.005	「{SETTINGS_SHEET}」是保留名稱	名稱檢查	model/names.ts:26
name.006	已有同名頁簽	名稱檢查	model/names.ts:27
name.007	Excel 一格最多 32767 字，有一格超過了，沒有貼上	名稱檢查	model/names.ts:44
pastecol.001	發話者	貼入欄位	model/paste.ts:10
pastecol.002	原文	貼入欄位	model/paste.ts:11
pastecol.003	譯文	貼入欄位	model/paste.ts:12
pastecol.004	備註	貼入欄位	model/paste.ts:13
pastecol.005	還沒貼原文	貼入欄位	model/paste.ts:74
pastecol.006	各欄行數不一致：{v1}	貼入欄位	model/paste.ts:79
shortcut.001	在譯文框裡	快捷鍵	model/shortcuts.ts:7
shortcut.002	不在輸入框時	快捷鍵	model/shortcuts.ts:8
shortcut.003	下一條／驗證並下一條	快捷鍵	model/shortcuts.ts:16
shortcut.004	換行	快捷鍵	model/shortcuts.ts:17
shortcut.005	標記並下一條	快捷鍵	model/shortcuts.ts:18
shortcut.006	上一條（不留標記）	快捷鍵	model/shortcuts.ts:19
shortcut.007	下一條（不留標記）	快捷鍵	model/shortcuts.ts:20
shortcut.008	開啟標記選單	快捷鍵	model/shortcuts.ts:21
shortcut.009	記錄目前譯文	快捷鍵	model/shortcuts.ts:22
shortcut.010	離開譯文框	快捷鍵	model/shortcuts.ts:23
shortcut.011	編輯選取條目的譯文	快捷鍵	model/shortcuts.ts:24
shortcut.012	清除選取的格子	快捷鍵	model/shortcuts.ts:25
shortcut.013	刪除選取的格子（下面的往上補）	快捷鍵	model/shortcuts.ts:26
shortcut.014	上一個頁簽	快捷鍵	model/shortcuts.ts:27
shortcut.015	下一個頁簽	快捷鍵	model/shortcuts.ts:28
shortcut.016	關閉選單與視窗	快捷鍵	model/shortcuts.ts:29
shortcut.017	按住查看修改	快捷鍵	model/shortcuts.ts:30
shortcut.018	上一個待處理條目	快捷鍵	model/shortcuts.ts:31
shortcut.019	下一個待處理條目	快捷鍵	model/shortcuts.ts:32
shortcut.020	存檔	快捷鍵	model/shortcuts.ts:33
shortcut.021	套用這條的新原文	快捷鍵	model/shortcuts.ts:34
shortcut.022	按住查看舊原文	快捷鍵	model/shortcuts.ts:35
shortcut.023	套用這條的全部修改	快捷鍵	model/shortcuts.ts:36
save.001	清除暫存復原失敗	存檔訊息	state/saver.ts:42
save.002	檔案被其他程式開著（例如 Excel），關掉後會自動重試	存檔訊息	state/saver.ts:123
save.003	沒有寫入權限	存檔訊息	state/saver.ts:124
save.004	名稱不合法	存檔訊息	state/saver.ts:125
save.005	磁碟空間不足	存檔訊息	state/saver.ts:126
save.006	找不到存檔資料夾	存檔訊息	state/saver.ts:127
save.007	字典 {k}	存檔訊息	state/saver.ts:214 state/saver.ts:221 state/saver.ts:251 state/saver.ts:288
save.008	專案資料夾「{x}」	存檔訊息	state/saver.ts:241
save.009	專案設定檔	存檔訊息	state/saver.ts:281
save.010	已儲存	存檔訊息	state/saver.ts:299
save.011	讀取設定	存檔訊息	state/saver.ts:348
save.012	讀取專案	存檔訊息	state/saver.ts:380
save.013	完成	存檔訊息	state/saver.ts:406
save.014	資料夾裡有其他東西，改存到裡面的「Verso」資料夾	存檔訊息	state/saver.ts:615
save.015	已載入：{v1}{v2}	存檔訊息	state/saver.ts:832
save.016	已改名：{v1}{v2}	存檔訊息	state/saver.ts:832
save.017	字典 / {project} / {name}	存檔訊息	state/saver.ts:834
store.001	啟動中	狀態訊息	state/store.ts:613
update.001	檢查更新	自動更新	state/updater.ts:33
update.002	下載太久沒有進度	自動更新	state/updater.ts:57 state/updater.ts:58
update.003	下載更新 0%	自動更新	state/updater.ts:60
update.004	下載更新 {v1}%	自動更新	state/updater.ts:68
update.005	下載更新中	自動更新	state/updater.ts:68
update.006	安裝中，完成後會自動重新開啟	自動更新	state/updater.ts:73
update.007	更新失敗：{v1}，用目前的版本開啟	自動更新	state/updater.ts:83
update.008	準備更新	自動更新	state/updater.ts:127
